Trades,Wins,Losses,WinRate,AvgReturn,CumReturn,MaxDD,SharpeLike
485,270,215,0.5567010309278351,0.00013408309264955823,0.8422906305109823,-0.15052708292670658,0.4528337597700554
